<?xml version="1.0" encoding="UTF-8" standalone="yes"?>
<rtc:RtcProfile rtc:version="0.2" rtc:id="RTC:Sugar Sweet Robotics:Navigation:MapServer:1.0.0" xmlns:rtc="http://www.openrtp.org/namespaces/rtc" xmlns:rtcExt="http://www.openrtp.org/namespaces/rtc_ext" xmlns:rtcDoc="http://www.openrtp.org/namespaces/rtc_doc" xmlns:xsi="http://www.w3.org/2001/XMLSchema-instance">
    <rtc:BasicInfo xsi:type="rtcExt:basic_info_ext" rtcExt:saveProject="MapSever" rtc:updateDate="2013-07-18T11:35:13+09:00" rtc:creationDate="2013-07-17T13:19:33+09:00" rtc:abstract="null" rtc:version="1.0.0" rtc:vendor="Sugar Sweet Robotics" rtc:maxInstances="1" rtc:executionType="PeriodicExecutionContext" rtc:executionRate="1000.0" rtc:description="MapServer RTC" rtc:category="Navigation" rtc:componentKind="DataFlowComponent" rtc:activityType="PERIODIC" rtc:componentType="STATIC" rtc:name="MapServer">
        <rtcDoc:Doc rtcDoc:reference="" rtcDoc:license="" rtcDoc:creator="" rtcDoc:algorithm="" rtcDoc:inout="" rtcDoc:description="Map Distribution Service "/>
        <rtcExt:VersionUpLogs></rtcExt:VersionUpLogs>
    </rtc:BasicInfo>
    <rtc:Actions>
        <rtc:OnInitialize xsi:type="rtcDoc:action_status_doc" rtc:implemented="true"/>
        <rtc:OnFinalize xsi:type="rtcDoc:action_status_doc" rtc:implemented="false"/>
        <rtc:OnStartup xsi:type="rtcDoc:action_status_doc" rtc:implemented="false"/>
        <rtc:OnShutdown xsi:type="rtcDoc:action_status_doc" rtc:implemented="false"/>
        <rtc:OnActivated xsi:type="rtcDoc:action_status_doc" rtc:implemented="true"/>
        <rtc:OnDeactivated xsi:type="rtcDoc:action_status_doc" rtc:implemented="true"/>
        <rtc:OnAborting xsi:type="rtcDoc:action_status_doc" rtc:implemented="false"/>
        <rtc:OnError xsi:type="rtcDoc:action_status_doc" rtc:implemented="false"/>
        <rtc:OnReset xsi:type="rtcDoc:action_status_doc" rtc:implemented="false"/>
        <rtc:OnExecute xsi:type="rtcDoc:action_status_doc" rtc:implemented="false"/>
        <rtc:OnStateUpdate xsi:type="rtcDoc:action_status_doc" rtc:implemented="false"/>
        <rtc:OnRateChanged xsi:type="rtcDoc:action_status_doc" rtc:implemented="false"/>
        <rtc:OnAction xsi:type="rtcDoc:action_status_doc" rtc:implemented="false"/>
        <rtc:OnModeChanged xsi:type="rtcDoc:action_status_doc" rtc:implemented="false"/>
    </rtc:Actions>
    <rtc:ConfigurationSet>
        <rtc:Configuration xsi:type="rtcExt:configuration_ext" rtcExt:variableName="filename" rtc:unit="" rtc:defaultValue="testMap.yaml" rtc:type="string" rtc:name="filename">
            <rtcDoc:Doc rtcDoc:constraint="null" rtcDoc:range="null" rtcDoc:unit="" rtcDoc:description="This must be Map parameter file (Yaml). " rtcDoc:defaultValue="rouka.yaml" rtcDoc:dataname="filename"/>
            <rtcExt:Properties rtcExt:value="text" rtcExt:name="__widget__"/>
        </rtc:Configuration>
        <rtc:Configuration xsi:type="rtcExt:configuration_ext" rtcExt:variableName="debug" rtc:unit="" rtc:defaultValue="0" rtc:type="string" rtc:name="debug">
            <rtcDoc:Doc rtcDoc:constraint="null" rtcDoc:range="null" rtcDoc:unit="" rtcDoc:description="" rtcDoc:defaultValue="null" rtcDoc:dataname="null"/>
            <rtcExt:Properties rtcExt:value="text" rtcExt:name="__widget__"/>
        </rtc:Configuration>
    </rtc:ConfigurationSet>
    <rtc:ServicePorts xsi:type="rtcExt:serviceport_ext" rtcExt:position="LEFT" rtc:name="mapServer">
        <rtc:ServiceInterface xsi:type="rtcExt:serviceinterface_ext" rtcExt:variableName="mapServer" rtc:path="" rtc:type="RTC::OGMapServer" rtc:idlFile="/home/isao-hara/.openrtp/idl/MobileRobot.idl" rtc:instanceName="mapServer" rtc:direction="Provided" rtc:name="mapServer">
            <rtcDoc:Doc rtcDoc:docPostCondition="" rtcDoc:docPreCondition="" rtcDoc:docException="" rtcDoc:docReturn="RTC.OGMap struct" rtcDoc:docArgument="" rtcDoc:description="Map Distribution Service."/>
        </rtc:ServiceInterface>
        <rtcDoc:Doc rtcDoc:ifdescription="" rtcDoc:description="Map Districution Service Port."/>
    </rtc:ServicePorts>
    <rtc:Language xsi:type="rtcExt:language_ext" rtc:kind="Java"/>
</rtc:RtcProfile>
