<?xml version="1.0" encoding="UTF-8" standalone="yes"?>
<rtc:RtcProfile rtc:version="0.2" rtc:id="RTC:Sugar Sweet Robotics:Navigation:NavigationManager:1.0.1" xmlns:rtc="http://www.openrtp.org/namespaces/rtc" xmlns:rtcExt="http://www.openrtp.org/namespaces/rtc_ext" xmlns:rtcDoc="http://www.openrtp.org/namespaces/rtc_doc" xmlns:xsi="http://www.w3.org/2001/XMLSchema-instance">
    <rtc:BasicInfo xsi:type="rtcExt:basic_info_ext" rtcExt:saveProject="NavigationManager" rtc:updateDate="2015-05-27T11:33:01+09:00" rtc:creationDate="2014-08-04T11:23:31+09:00" rtc:version="1.0.1" rtc:vendor="Sugar Sweet Robotics" rtc:maxInstances="1" rtc:executionType="ExtTrigExecutionContext" rtc:executionRate="1000.0" rtc:description="Mapper Viewer RTC" rtc:category="Navigation" rtc:componentKind="DataFlowComponent" rtc:activityType="PERIODIC" rtc:componentType="STATIC" rtc:name="NavigationManager"/>
    <rtc:Actions>
        <rtc:OnInitialize xsi:type="rtcDoc:action_status_doc" rtc:implemented="true"/>
        <rtc:OnFinalize xsi:type="rtcDoc:action_status_doc" rtc:implemented="false"/>
        <rtc:OnStartup xsi:type="rtcDoc:action_status_doc" rtc:implemented="false"/>
        <rtc:OnShutdown xsi:type="rtcDoc:action_status_doc" rtc:implemented="false"/>
        <rtc:OnActivated xsi:type="rtcDoc:action_status_doc" rtc:implemented="true"/>
        <rtc:OnDeactivated xsi:type="rtcDoc:action_status_doc" rtc:implemented="true"/>
        <rtc:OnAborting xsi:type="rtcDoc:action_status_doc" rtc:implemented="false"/>
        <rtc:OnError xsi:type="rtcDoc:action_status_doc" rtc:implemented="true"/>
        <rtc:OnReset xsi:type="rtcDoc:action_status_doc" rtc:implemented="true"/>
        <rtc:OnExecute xsi:type="rtcDoc:action_status_doc" rtc:implemented="true"/>
        <rtc:OnStateUpdate xsi:type="rtcDoc:action_status_doc" rtc:implemented="false"/>
        <rtc:OnRateChanged xsi:type="rtcDoc:action_status_doc" rtc:implemented="false"/>
        <rtc:OnAction xsi:type="rtcDoc:action_status_doc" rtc:implemented="false"/>
        <rtc:OnModeChanged xsi:type="rtcDoc:action_status_doc" rtc:implemented="false"/>
    </rtc:Actions>
    <rtc:ConfigurationSet>
        <rtc:Configuration xsi:type="rtcExt:configuration_ext" rtcExt:variableName="debug" rtc:unit="" rtc:defaultValue="0" rtc:type="int" rtc:name="debug">
            <rtcExt:Properties rtcExt:value="text" rtcExt:name="__widget__"/>
        </rtc:Configuration>
        <rtc:Configuration xsi:type="rtcExt:configuration_ext" rtcExt:variableName="" rtc:unit="" rtc:defaultValue="1.0" rtc:type="double" rtc:name="interval">
            <rtcExt:Properties rtcExt:value="text" rtcExt:name="__widget__"/>
        </rtc:Configuration>
        <rtc:Configuration xsi:type="rtcExt:configuration_ext" rtcExt:variableName="" rtc:unit="" rtc:defaultValue="1.0" rtc:type="double" rtc:name="pathDistanceTolerance">
            <rtcExt:Properties rtcExt:value="text" rtcExt:name="__widget__"/>
        </rtc:Configuration>
        <rtc:Configuration xsi:type="rtcExt:configuration_ext" rtcExt:variableName="" rtc:unit="" rtc:defaultValue="1.0" rtc:type="double" rtc:name="pathHeadingTolerance">
            <rtcExt:Properties rtcExt:value="text" rtcExt:name="__widget__"/>
        </rtc:Configuration>
    </rtc:ConfigurationSet>
    <rtc:DataPorts xsi:type="rtcExt:dataport_ext" rtcExt:position="LEFT" rtcExt:variableName="currentPose" rtc:unit="" rtc:subscriptionType="" rtc:dataflowType="" rtc:interfaceType="" rtc:idlFile="/usr/include/openrtm-1.2/rtm/idl/ExtendedDataTypes.idl" rtc:type="RTC::TimedPose2D" rtc:name="currentPose" rtc:portType="DataInPort"/>
    <rtc:DataPorts xsi:type="rtcExt:dataport_ext" rtcExt:position="LEFT" rtcExt:variableName="range" rtc:unit="" rtc:subscriptionType="" rtc:dataflowType="" rtc:interfaceType="" rtc:idlFile="/usr/include/openrtm-1.2/rtm/idl/InterfaceDataTypes.idl" rtc:type="RTC::RangeData" rtc:name="range" rtc:portType="DataInPort"/>
    <rtc:DataPorts xsi:type="rtcExt:dataport_ext" rtcExt:position="LEFT" rtcExt:variableName="camera" rtc:unit="" rtc:subscriptionType="" rtc:dataflowType="" rtc:interfaceType="" rtc:idlFile="/usr/include/openrtm-1.2/rtm/idl/InterfaceDataTypes.idl" rtc:type="RTC::CameraImage" rtc:name="camera" rtc:portType="DataInPort"/>
    <rtc:DataPorts xsi:type="rtcExt:dataport_ext" rtcExt:position="LEFT" rtcExt:variableName="" rtc:unit="" rtc:subscriptionType="" rtc:dataflowType="" rtc:interfaceType="" rtc:idlFile="/usr/include/openrtm-1.2/rtm/idl/InterfaceDataTypes.idl" rtc:type="RTC::Path2D" rtc:name="path" rtc:portType="DataInPort"/>
    <rtc:DataPorts xsi:type="rtcExt:dataport_ext" rtcExt:position="RIGHT" rtcExt:variableName="targetVelocity" rtc:unit="" rtc:subscriptionType="" rtc:dataflowType="" rtc:interfaceType="" rtc:idlFile="/usr/include/openrtm-1.2/rtm/idl/ExtendedDataTypes.idl" rtc:type="RTC::TimedVelocity2D" rtc:name="targetVelocity" rtc:portType="DataOutPort"/>
    <rtc:DataPorts xsi:type="rtcExt:dataport_ext" rtcExt:position="RIGHT" rtcExt:variableName="" rtc:unit="" rtc:subscriptionType="" rtc:dataflowType="" rtc:interfaceType="" rtc:idlFile="/usr/include/openrtm-1.2/rtm/idl/InterfaceDataTypes.idl" rtc:type="RTC::Waypoint2D" rtc:name="goal" rtc:portType="DataOutPort"/>
    <rtc:ServicePorts xsi:type="rtcExt:serviceport_ext" rtcExt:position="LEFT" rtc:name="mapperService">
        <rtc:ServiceInterface xsi:type="rtcExt:serviceinterface_ext" rtcExt:variableName="mapper" rtc:path="C:\Users\ogata\Desktop\MappingRTCs\MapperViewer\idl" rtc:type="RTC::OGMapper" rtc:idlFile="/home/isao-hara/src/Navi/src/NavigationManager/idl/MobileRobot.idl" rtc:instanceName="OGMapper" rtc:direction="Required" rtc:name="OGMapper"/>
    </rtc:ServicePorts>
    <rtc:ServicePorts xsi:type="rtcExt:serviceport_ext" rtcExt:position="LEFT" rtc:name="mapServer">
        <rtc:ServiceInterface xsi:type="rtcExt:serviceinterface_ext" rtcExt:variableName="OGMapServer" rtc:path="C:\Users\ogata\Desktop\MappingRTCs\MapperViewer\idl" rtc:type="RTC::OGMapServer" rtc:idlFile="/home/isao-hara/src/Navi/src/NavigationManager/idl/MobileRobot.idl" rtc:instanceName="mapServer" rtc:direction="Required" rtc:name="mapServer"/>
    </rtc:ServicePorts>
    <rtc:ServicePorts xsi:type="rtcExt:serviceport_ext" rtcExt:position="LEFT" rtc:name="pathPlanner">
        <rtc:ServiceInterface xsi:type="rtcExt:serviceinterface_ext" rtcExt:variableName="pathPlanner" rtc:path="" rtc:type="RTC::PathPlanner" rtc:idlFile="/home/isao-hara/.openrtp/idl/MobileRobot.idl" rtc:instanceName="PathPlanner" rtc:direction="Required" rtc:name="PathPlanner"/>
    </rtc:ServicePorts>
    <rtc:ServicePorts xsi:type="rtcExt:serviceport_ext" rtcExt:position="LEFT" rtc:name="pathFollower">
        <rtc:ServiceInterface xsi:type="rtcExt:serviceinterface_ext" rtcExt:variableName="pathFollower" rtc:path="" rtc:type="RTC::PathFollower" rtc:idlFile="/home/isao-hara/.openrtp/idl/MobileRobot.idl" rtc:instanceName="PathFollower" rtc:direction="Required" rtc:name="PathFollower"/>
    </rtc:ServicePorts>
    <rtc:Language xsi:type="rtcExt:language_ext" rtc:kind="Java"/>
</rtc:RtcProfile>
